{"losses": [0.3419919637069583, 0.13858694459067417, 0.09560209179400349, 0.07193748317887264, 0.05765669638993961, 0.045450182681131775, 0.03787685164584538, 0.031225355719325384, 0.02603848729377438, 0.020388995426560395], "accuracies": [90.08166666666666, 95.97333333333333, 97.065, 97.77666666666667, 98.17, 98.58833333333334, 98.765, 99.0, 99.16666666666667, 99.33]}